timestamp_sec,robot,x,y
4.682000,tb3_0,-0.709134,-1.121635
4.700000,tb3_0,-0.709134,-1.121635
4.800000,tb3_0,-0.709134,-1.121635
4.900000,tb3_0,-0.709134,-1.121635
5.000000,tb3_0,-0.709134,-1.121635
5.100000,tb3_0,-0.709134,-1.121635
5.200000,tb3_0,-0.709134,-1.121635
5.300000,tb3_0,-0.709134,-1.121635
5.400000,tb3_0,-0.709134,-1.121635
5.500000,tb3_0,-0.709134,-1.121635
5.600000,tb3_0,-0.709134,-1.121635
5.700000,tb3_0,-0.709134,-1.121635
5.800000,tb3_0,-0.706189,-1.118154
5.900000,tb3_0,-0.697562,-1.106441
6.000000,tb3_0,-0.686688,-1.089671
6.100000,tb3_0,-0.676678,-1.072358
6.200000,tb3_0,-0.667385,-1.054649
6.300000,tb3_0,-0.658681,-1.036643
6.400000,tb3_0,-0.650457,-1.018413
6.500000,tb3_0,-0.642623,-1.000012
6.600000,tb3_0,-0.635104,-0.981479
6.700000,tb3_0,-0.627842,-0.962844
6.800000,tb3_0,-0.620786,-0.944130
6.900000,tb3_0,-0.613897,-0.925354
7.000000,tb3_0,-0.607143,-0.906529
7.100000,tb3_0,-0.600497,-0.887666
7.200000,tb3_0,-0.593939,-0.868771
7.300000,tb3_0,-0.587451,-0.849853
7.400000,tb3_0,-0.581020,-0.830915
7.500000,tb3_0,-0.574635,-0.811962
7.600000,tb3_0,-0.568287,-0.792996
7.700000,tb3_0,-0.561969,-0.774020
7.800000,tb3_0,-0.555674,-0.755036
7.900000,tb3_0,-0.549399,-0.736047
8.000000,tb3_0,-0.543139,-0.717051
8.100000,tb3_0,-0.536891,-0.698052
8.200000,tb3_0,-0.530654,-0.679050
8.300000,tb3_0,-0.524424,-0.660045
8.400000,tb3_0,-0.518201,-0.641038
8.500000,tb3_0,-0.511984,-0.622029
8.600000,tb3_0,-0.505770,-0.603018
8.700000,tb3_0,-0.499560,-0.584007
8.800000,tb3_0,-0.493353,-0.564994
8.900000,tb3_0,-0.487147,-0.545981
9.000000,tb3_0,-0.480944,-0.526968
9.100000,tb3_0,-0.474742,-0.507954
9.200000,tb3_0,-0.468541,-0.488939
9.300000,tb3_0,-0.462341,-0.469924
9.400000,tb3_0,-0.456142,-0.450909
9.500000,tb3_0,-0.449944,-0.431894
9.600000,tb3_0,-0.443746,-0.412879
9.700000,tb3_0,-0.437548,-0.393863
9.800000,tb3_0,-0.436246,-0.389870
9.900000,tb3_0,-0.436246,-0.389870
10.000000,tb3_0,-0.436246,-0.389870
10.100000,tb3_0,-0.436246,-0.389870
10.200000,tb3_0,-0.436246,-0.389870
10.300000,tb3_0,-0.436246,-0.389870
10.400000,tb3_0,-0.436246,-0.389870
10.500000,tb3_0,-0.436246,-0.389870
10.600000,tb3_0,-0.436246,-0.389870
10.700000,tb3_0,-0.436246,-0.389870
10.800000,tb3_0,-0.436246,-0.389870
10.900000,tb3_0,-0.436246,-0.389870
11.000000,tb3_0,-0.436246,-0.389870
11.100000,tb3_0,-0.436246,-0.389870
11.200000,tb3_0,-0.433828,-0.388740
11.300000,tb3_0,-0.433323,-0.388519
11.400000,tb3_0,-0.430833,-0.387755
11.500000,tb3_0,-0.429697,-0.387430
11.600000,tb3_0,-0.426308,-0.386497
11.700000,tb3_0,-0.420982,-0.385076
11.800000,tb3_0,-0.420160,-0.384863
11.900000,tb3_0,-0.417472,-0.384060
12.000000,tb3_0,-0.410868,-0.381895
12.100000,tb3_0,-0.404287,-0.379846
12.200000,tb3_0,-0.398550,-0.378099
12.300000,tb3_0,-0.390989,-0.375802
12.400000,tb3_0,-0.385443,-0.374067
12.500000,tb3_0,-0.379738,-0.372239
12.600000,tb3_0,-0.374823,-0.370612
12.700000,tb3_0,-0.369488,-0.368965
12.800000,tb3_0,-0.365254,-0.367567
12.900000,tb3_0,-0.360197,-0.365742
13.000000,tb3_0,-0.352983,-0.363039
13.100000,tb3_0,-0.347846,-0.361090
13.200000,tb3_0,-0.342517,-0.359201
13.300000,tb3_0,-0.336352,-0.356779
13.400000,tb3_0,-0.332045,-0.354964
13.500000,tb3_0,-0.326816,-0.352452
13.600000,tb3_0,-0.320131,-0.349454
13.700000,tb3_0,-0.314385,-0.347075
13.800000,tb3_0,-0.310903,-0.345736
13.900000,tb3_0,-0.307040,-0.344128
14.000000,tb3_0,-0.301972,-0.341642
14.100000,tb3_0,-0.296903,-0.339228
14.200000,tb3_0,-0.291274,-0.336713
14.300000,tb3_0,-0.286231,-0.334523
14.400000,tb3_0,-0.281795,-0.332634
14.500000,tb3_0,-0.277909,-0.331024
14.600000,tb3_0,-0.273416,-0.329319
14.700000,tb3_0,-0.268832,-0.327310
14.800000,tb3_0,-0.267788,-0.326818
14.900000,tb3_0,-0.265226,-0.325621
15.000000,tb3_0,-0.262287,-0.324277
15.100000,tb3_0,-0.261871,-0.324087
15.200000,tb3_0,-0.259735,-0.323112
15.300000,tb3_0,-0.259260,-0.322894
15.400000,tb3_0,-0.259260,-0.322894
15.500000,tb3_0,-0.257155,-0.321599
15.600000,tb3_0,-0.256724,-0.321316
15.700000,tb3_0,-0.254155,-0.319346
15.800000,tb3_0,-0.250714,-0.316770
15.900000,tb3_0,-0.250261,-0.316431
16.000000,tb3_0,-0.248553,-0.315075
16.100000,tb3_0,-0.246188,-0.313073
16.200000,tb3_0,-0.245834,-0.312770
16.300000,tb3_0,-0.245834,-0.312770
16.400000,tb3_0,-0.245834,-0.312770
16.500000,tb3_0,-0.244157,-0.311564
16.600000,tb3_0,-0.243789,-0.311302
16.700000,tb3_0,-0.241651,-0.309868
16.800000,tb3_0,-0.241148,-0.309546
16.900000,tb3_0,-0.241148,-0.309546
17.000000,tb3_0,-0.241148,-0.309546
17.100000,tb3_0,-0.241148,-0.309546
17.200000,tb3_0,-0.241148,-0.309546
17.300000,tb3_0,-0.239095,-0.308191
17.400000,tb3_0,-0.238487,-0.307777
17.500000,tb3_0,-0.238487,-0.307777
17.600000,tb3_0,-0.236204,-0.306121
17.700000,tb3_0,-0.233599,-0.304162
17.800000,tb3_0,-0.230885,-0.302213
17.900000,tb3_0,-0.230493,-0.301940
18.000000,tb3_0,-0.230493,-0.301940
18.100000,tb3_0,-0.228552,-0.300434
18.200000,tb3_0,-0.227933,-0.299979
18.300000,tb3_0,-0.227933,-0.299979
18.400000,tb3_0,-0.226104,-0.298614
18.500000,tb3_0,-0.222861,-0.296247
18.600000,tb3_0,-0.219964,-0.294259
18.700000,tb3_0,-0.217047,-0.292190
18.800000,tb3_0,-0.216571,-0.291863
18.900000,tb3_0,-0.216571,-0.291863
19.000000,tb3_0,-0.216571,-0.291863
19.100000,tb3_0,-0.214877,-0.290366
19.200000,tb3_0,-0.214539,-0.290044
19.300000,tb3_0,-0.214539,-0.290044
19.400000,tb3_0,-0.214539,-0.290044
19.500000,tb3_0,-0.214539,-0.290044
19.600000,tb3_0,-0.214539,-0.290044
19.700000,tb3_0,-0.212696,-0.288209
19.800000,tb3_0,-0.209735,-0.285254
19.900000,tb3_0,-0.209318,-0.284855
20.000000,tb3_0,-0.209318,-0.284855
20.100000,tb3_0,-0.209318,-0.284855
20.200000,tb3_0,-0.209318,-0.284855
20.300000,tb3_0,-0.207422,-0.283288
20.400000,tb3_0,-0.206918,-0.282868
20.500000,tb3_0,-0.206918,-0.282868
20.600000,tb3_0,-0.206918,-0.282868
20.700000,tb3_0,-0.206918,-0.282868
20.800000,tb3_0,-0.206918,-0.282868
20.900000,tb3_0,-0.206918,-0.282868
21.000000,tb3_0,-0.205199,-0.281557
21.100000,tb3_0,-0.204767,-0.281207
21.200000,tb3_0,-0.203131,-0.279694
21.300000,tb3_0,-0.202620,-0.279236
21.400000,tb3_0,-0.202620,-0.279236
21.500000,tb3_0,-0.202620,-0.279236
21.600000,tb3_0,-0.202620,-0.279236
21.700000,tb3_0,-0.202620,-0.279236
21.800000,tb3_0,-0.202620,-0.279236
21.900000,tb3_0,-0.202620,-0.279236
22.000000,tb3_0,-0.202620,-0.279236
22.100000,tb3_0,-0.202620,-0.279236
22.200000,tb3_0,-0.200639,-0.277619
22.300000,tb3_0,-0.198080,-0.275657
22.400000,tb3_0,-0.197762,-0.275404
22.500000,tb3_0,-0.195900,-0.273982
22.600000,tb3_0,-0.195374,-0.273597
22.700000,tb3_0,-0.195374,-0.273597
22.800000,tb3_0,-0.195374,-0.273597
22.900000,tb3_0,-0.195374,-0.273597
23.000000,tb3_0,-0.195374,-0.273597
23.100000,tb3_0,-0.195374,-0.273597
23.200000,tb3_0,-0.195374,-0.273597
23.300000,tb3_0,-0.195374,-0.273597
23.400000,tb3_0,-0.193450,-0.271589
23.500000,tb3_0,-0.193052,-0.271161
23.600000,tb3_0,-0.193052,-0.271161
23.700000,tb3_0,-0.193052,-0.271161
23.800000,tb3_0,-0.191596,-0.269513
23.900000,tb3_0,-0.191301,-0.269165
24.000000,tb3_0,-0.191301,-0.269165
24.100000,tb3_0,-0.191301,-0.269165
24.200000,tb3_0,-0.191301,-0.269165
24.300000,tb3_0,-0.189602,-0.267070
24.400000,tb3_0,-0.189173,-0.266525
24.500000,tb3_0,-0.189173,-0.266525
24.600000,tb3_0,-0.187743,-0.264623
24.700000,tb3_0,-0.187281,-0.263987
24.800000,tb3_0,-0.187281,-0.263987
24.900000,tb3_0,-0.187281,-0.263987
25.000000,tb3_0,-0.186034,-0.262183
25.100000,tb3_0,-0.185797,-0.261829
25.200000,tb3_0,-0.185797,-0.261829
25.300000,tb3_0,-0.184489,-0.259831
25.400000,tb3_0,-0.184146,-0.259299
25.500000,tb3_0,-0.184146,-0.259299
25.600000,tb3_0,-0.184146,-0.259299
25.700000,tb3_0,-0.184146,-0.259299
25.800000,tb3_0,-0.184146,-0.259299
25.900000,tb3_0,-0.184146,-0.259299
26.000000,tb3_0,-0.184146,-0.259299
26.100000,tb3_0,-0.184146,-0.259299
26.200000,tb3_0,-0.184146,-0.259299
26.300000,tb3_0,-0.184146,-0.259299
26.400000,tb3_0,-0.184146,-0.259299
26.500000,tb3_0,-0.184146,-0.259299
26.600000,tb3_0,-0.184146,-0.259299
26.700000,tb3_0,-0.182599,-0.256738
26.800000,tb3_0,-0.179876,-0.252678
26.900000,tb3_0,-0.179459,-0.252056
27.000000,tb3_0,-0.179459,-0.252056
27.100000,tb3_0,-0.177999,-0.250323
27.200000,tb3_0,-0.177614,-0.249890
27.300000,tb3_0,-0.175673,-0.247737
27.400000,tb3_0,-0.175095,-0.247099
27.500000,tb3_0,-0.175095,-0.247099
27.600000,tb3_0,-0.175095,-0.247099
27.700000,tb3_0,-0.173968,-0.245281
27.800000,tb3_0,-0.173725,-0.244879
27.900000,tb3_0,-0.173725,-0.244879
28.000000,tb3_0,-0.172509,-0.243134
28.100000,tb3_0,-0.172249,-0.242752
28.200000,tb3_0,-0.172249,-0.242752
28.300000,tb3_0,-0.172249,-0.242752
28.400000,tb3_0,-0.172249,-0.242752
28.500000,tb3_0,-0.170935,-0.240832
28.600000,tb3_0,-0.170646,-0.240413
28.700000,tb3_0,-0.170646,-0.240413
28.800000,tb3_0,-0.170646,-0.240413
28.900000,tb3_0,-0.170646,-0.240413
29.000000,tb3_0,-0.169529,-0.238627
29.100000,tb3_0,-0.169243,-0.238125
29.200000,tb3_0,-0.169243,-0.238125
29.300000,tb3_0,-0.169243,-0.238125
29.400000,tb3_0,-0.169243,-0.238125
29.500000,tb3_0,-0.169243,-0.238125
29.600000,tb3_0,-0.169243,-0.238125
29.700000,tb3_0,-0.169243,-0.238125
29.800000,tb3_0,-0.169243,-0.238125
29.900000,tb3_0,-0.169243,-0.238125
30.000000,tb3_0,-0.169243,-0.238125
30.100000,tb3_0,-0.168152,-0.236621
30.200000,tb3_0,-0.167781,-0.236140
30.300000,tb3_0,-0.167781,-0.236140
4.695000,tb3_1,-1.072356,1.106925
4.700000,tb3_1,-1.072356,1.106925
4.800000,tb3_1,-1.072356,1.106925
4.900000,tb3_1,-1.072356,1.106925
5.000000,tb3_1,-1.072356,1.106925
5.100000,tb3_1,-1.072356,1.106925
5.200000,tb3_1,-1.072356,1.106925
5.300000,tb3_1,-1.072356,1.106925
5.400000,tb3_1,-1.072356,1.106925
5.500000,tb3_1,-1.072356,1.106925
5.600000,tb3_1,-1.072356,1.106925
5.700000,tb3_1,-1.072356,1.106925
5.800000,tb3_1,-1.072356,1.106925
5.900000,tb3_1,-1.072356,1.106925
6.000000,tb3_1,-1.072356,1.106925
6.100000,tb3_1,-1.072356,1.106925
6.200000,tb3_1,-1.072356,1.106925
6.300000,tb3_1,-1.072356,1.106925
6.400000,tb3_1,-1.072356,1.106925
6.500000,tb3_1,-1.071698,1.102510
6.600000,tb3_1,-1.070635,1.088102
6.700000,tb3_1,-1.070473,1.068121
6.800000,tb3_1,-1.071432,1.048146
6.900000,tb3_1,-1.073289,1.028234
7.000000,tb3_1,-1.075862,1.008401
7.100000,tb3_1,-1.079008,0.988650
7.200000,tb3_1,-1.082613,0.968978
7.300000,tb3_1,-1.086583,0.949376
7.400000,tb3_1,-1.090846,0.929836
7.500000,tb3_1,-1.095343,0.910348
7.600000,tb3_1,-1.100028,0.890905
7.700000,tb3_1,-1.104862,0.871498
7.800000,tb3_1,-1.109817,0.852122
7.900000,tb3_1,-1.114868,0.832770
8.000000,tb3_1,-1.119996,0.813439
8.100000,tb3_1,-1.125186,0.794124
8.200000,tb3_1,-1.130426,0.774822
8.300000,tb3_1,-1.135706,0.755532
8.400000,tb3_1,-1.141018,0.736250
8.500000,tb3_1,-1.146355,0.716976
8.600000,tb3_1,-1.151714,0.697707
8.700000,tb3_1,-1.157088,0.678442
8.800000,tb3_1,-1.162476,0.659182
8.900000,tb3_1,-1.167875,0.639924
9.000000,tb3_1,-1.173282,0.620669
9.100000,tb3_1,-1.178696,0.601416
9.200000,tb3_1,-1.184116,0.582164
9.300000,tb3_1,-1.189540,0.562914
9.400000,tb3_1,-1.194967,0.543664
9.500000,tb3_1,-1.200398,0.524416
9.600000,tb3_1,-1.205831,0.505168
9.700000,tb3_1,-1.211265,0.485920
9.800000,tb3_1,-1.212135,0.482841
9.900000,tb3_1,-1.212135,0.482841
10.000000,tb3_1,-1.212135,0.482841
10.100000,tb3_1,-1.212135,0.482841
10.200000,tb3_1,-1.212135,0.482841
10.300000,tb3_1,-1.212135,0.482841
10.400000,tb3_1,-1.212135,0.482841
10.500000,tb3_1,-1.212135,0.482841
10.600000,tb3_1,-1.212135,0.482841
10.700000,tb3_1,-1.212135,0.482841
10.800000,tb3_1,-1.212135,0.482841
10.900000,tb3_1,-1.212135,0.482841
11.000000,tb3_1,-1.212135,0.482841
11.100000,tb3_1,-1.215303,0.482163
11.200000,tb3_1,-1.228215,0.480298
11.300000,tb3_1,-1.247977,0.478995
11.400000,tb3_1,-1.267975,0.479083
11.500000,tb3_1,-1.287942,0.480180
11.600000,tb3_1,-1.307820,0.482372
11.700000,tb3_1,-1.327596,0.485345
11.800000,tb3_1,-1.347245,0.489069
11.900000,tb3_1,-1.364912,0.492841
12.000000,tb3_1,-1.383564,0.496955
12.100000,tb3_1,-1.402928,0.501867
12.200000,tb3_1,-1.421959,0.508013
12.300000,tb3_1,-1.440724,0.514927
12.400000,tb3_1,-1.459049,0.522223
12.500000,tb3_1,-1.477084,0.529785
12.600000,tb3_1,-1.493991,0.537405
12.700000,tb3_1,-1.510702,0.545655
12.800000,tb3_1,-1.527571,0.554540
12.900000,tb3_1,-1.542271,0.562646
13.000000,tb3_1,-1.557589,0.571384
13.100000,tb3_1,-1.571901,0.579994
13.200000,tb3_1,-1.584806,0.588049
13.300000,tb3_1,-1.599443,0.597462
13.400000,tb3_1,-1.613777,0.607211
13.500000,tb3_1,-1.626420,0.615954
13.600000,tb3_1,-1.638722,0.624723
13.700000,tb3_1,-1.650390,0.633412
13.800000,tb3_1,-1.661638,0.642141
13.900000,tb3_1,-1.671489,0.650021
14.000000,tb3_1,-1.682661,0.659481
14.100000,tb3_1,-1.693863,0.669788
14.200000,tb3_1,-1.703071,0.678881
14.300000,tb3_1,-1.712349,0.687903
14.400000,tb3_1,-1.721508,0.696864
14.500000,tb3_1,-1.730465,0.705816
14.600000,tb3_1,-1.739828,0.715623
14.700000,tb3_1,-1.750467,0.727650
14.800000,tb3_1,-1.758715,0.737622
14.900000,tb3_1,-1.767747,0.749041
15.000000,tb3_1,-1.775048,0.758591
15.100000,tb3_1,-1.781865,0.767623
15.200000,tb3_1,-1.788721,0.777345
15.300000,tb3_1,-1.795451,0.787277
15.400000,tb3_1,-1.802672,0.798139
15.500000,tb3_1,-1.809103,0.808148
15.600000,tb3_1,-1.814800,0.817237
15.700000,tb3_1,-1.820832,0.827322
15.800000,tb3_1,-1.826174,0.836916
15.900000,tb3_1,-1.831099,0.846150
16.000000,tb3_1,-1.836781,0.856692
16.100000,tb3_1,-1.841861,0.865892
16.200000,tb3_1,-1.846265,0.873827
16.300000,tb3_1,-1.850949,0.882306
16.400000,tb3_1,-1.856198,0.892175
16.500000,tb3_1,-1.861306,0.902213
16.600000,tb3_1,-1.865215,0.910313
16.700000,tb3_1,-1.869458,0.919939
16.800000,tb3_1,-1.872937,0.927908
16.900000,tb3_1,-1.876227,0.935462
17.000000,tb3_1,-1.878881,0.942018
17.100000,tb3_1,-1.882212,0.950451
17.200000,tb3_1,-1.885108,0.958461
17.300000,tb3_1,-1.887765,0.966247
17.400000,tb3_1,-1.890741,0.975750
17.500000,tb3_1,-1.892660,0.981854
17.600000,tb3_1,-1.894935,0.988394
17.700000,tb3_1,-1.897708,0.996851
17.800000,tb3_1,-1.900276,1.005906
17.900000,tb3_1,-1.902059,1.012675
18.000000,tb3_1,-1.904031,1.020410
18.100000,tb3_1,-1.906560,1.030712
18.200000,tb3_1,-1.908214,1.037799
18.300000,tb3_1,-1.909871,1.044552
18.400000,tb3_1,-1.910288,1.046372
18.500000,tb3_1,-1.910767,1.049397
18.600000,tb3_1,-1.911859,1.056213
18.700000,tb3_1,-1.912988,1.063787
18.800000,tb3_1,-1.913600,1.067948
18.900000,tb3_1,-1.914377,1.073563
19.000000,tb3_1,-1.915087,1.080538
19.100000,tb3_1,-1.915659,1.086438
19.200000,tb3_1,-1.916444,1.092413
19.300000,tb3_1,-1.917470,1.099214
19.400000,tb3_1,-1.918217,1.105088
19.500000,tb3_1,-1.918661,1.113287
19.600000,tb3_1,-1.918838,1.119713
19.700000,tb3_1,-1.919026,1.125530
19.800000,tb3_1,-1.919090,1.133483
19.900000,tb3_1,-1.918982,1.139877
20.000000,tb3_1,-1.918735,1.147733
20.100000,tb3_1,-1.918318,1.152920
20.200000,tb3_1,-1.917526,1.159692
20.300000,tb3_1,-1.916867,1.164150
20.400000,tb3_1,-1.916089,1.168187
20.500000,tb3_1,-1.914860,1.174084
20.600000,tb3_1,-1.913226,1.181756
20.700000,tb3_1,-1.912363,1.186507
20.800000,tb3_1,-1.911740,1.192050
20.900000,tb3_1,-1.911032,1.198544
21.000000,tb3_1,-1.910215,1.205743
21.100000,tb3_1,-1.909263,1.213610
21.200000,tb3_1,-1.908715,1.217794
21.300000,tb3_1,-1.908107,1.222176
21.400000,tb3_1,-1.907983,1.222988
21.500000,tb3_1,-1.907481,1.226188
21.600000,tb3_1,-1.906636,1.231119
21.700000,tb3_1,-1.905224,1.237338
21.800000,tb3_1,-1.903619,1.244048
21.900000,tb3_1,-1.903378,1.245148
22.000000,tb3_1,-1.902941,1.247437
22.100000,tb3_1,-1.902248,1.251581
22.200000,tb3_1,-1.901413,1.256268
22.300000,tb3_1,-1.901251,1.257129
22.400000,tb3_1,-1.900592,1.259651
22.500000,tb3_1,-1.900434,1.260281
22.600000,tb3_1,-1.899743,1.262679
22.700000,tb3_1,-1.899412,1.263711
22.800000,tb3_1,-1.898749,1.266214
22.900000,tb3_1,-1.897249,1.271787
23.000000,tb3_1,-1.895966,1.276613
23.100000,tb3_1,-1.894785,1.280506
23.200000,tb3_1,-1.893424,1.285219
23.300000,tb3_1,-1.892065,1.290301
23.400000,tb3_1,-1.890722,1.294867
23.500000,tb3_1,-1.889508,1.298931
23.600000,tb3_1,-1.888013,1.303874
23.700000,tb3_1,-1.886224,1.309207
23.800000,tb3_1,-1.884393,1.314255
23.900000,tb3_1,-1.882899,1.318441
24.000000,tb3_1,-1.881653,1.322123
24.100000,tb3_1,-1.880195,1.326082
24.200000,tb3_1,-1.878777,1.329868
24.300000,tb3_1,-1.877205,1.333928
24.400000,tb3_1,-1.875120,1.338983
24.500000,tb3_1,-1.873725,1.342432
24.600000,tb3_1,-1.872061,1.346676
24.700000,tb3_1,-1.870500,1.350669
24.800000,tb3_1,-1.870240,1.351348
24.900000,tb3_1,-1.869108,1.354338
25.000000,tb3_1,-1.867595,1.358199
25.100000,tb3_1,-1.866118,1.361645
25.200000,tb3_1,-1.865842,1.362313
25.300000,tb3_1,-1.864882,1.364422
25.400000,tb3_1,-1.862989,1.368377
25.500000,tb3_1,-1.861114,1.373035
25.600000,tb3_1,-1.860820,1.373853
25.700000,tb3_1,-1.860820,1.373853
25.800000,tb3_1,-1.859624,1.376558
25.900000,tb3_1,-1.857830,1.380675
26.000000,tb3_1,-1.856066,1.384607
26.100000,tb3_1,-1.854277,1.388003
26.200000,tb3_1,-1.851965,1.391800
26.300000,tb3_1,-1.849280,1.396205
26.400000,tb3_1,-1.847384,1.399673
26.500000,tb3_1,-1.847112,1.400220
26.600000,tb3_1,-1.847112,1.400220
26.700000,tb3_1,-1.847112,1.400220
26.800000,tb3_1,-1.847112,1.400220
26.900000,tb3_1,-1.846115,1.402691
27.000000,tb3_1,-1.844203,1.407067
27.100000,tb3_1,-1.843791,1.407917
27.200000,tb3_1,-1.842339,1.410719
27.300000,tb3_1,-1.839936,1.415059
27.400000,tb3_1,-1.837755,1.418838
27.500000,tb3_1,-1.835792,1.422407
27.600000,tb3_1,-1.835418,1.423118
27.700000,tb3_1,-1.834299,1.425250
27.800000,tb3_1,-1.831601,1.430258
27.900000,tb3_1,-1.831041,1.431274
28.000000,tb3_1,-1.831041,1.431274
28.100000,tb3_1,-1.829627,1.433778
28.200000,tb3_1,-1.827447,1.437785
28.300000,tb3_1,-1.827014,1.438663
28.400000,tb3_1,-1.827014,1.438663
28.500000,tb3_1,-1.826147,1.440440
28.600000,tb3_1,-1.824688,1.443197
28.700000,tb3_1,-1.822432,1.446934
28.800000,tb3_1,-1.820357,1.450512
28.900000,tb3_1,-1.818776,1.453376
29.000000,tb3_1,-1.817125,1.456182
29.100000,tb3_1,-1.816747,1.456803
29.200000,tb3_1,-1.815517,1.458956
29.300000,tb3_1,-1.813720,1.462229
29.400000,tb3_1,-1.813261,1.463024
29.500000,tb3_1,-1.813261,1.463024
29.600000,tb3_1,-1.813261,1.463024
29.700000,tb3_1,-1.812053,1.465273
29.800000,tb3_1,-1.810598,1.468239
29.900000,tb3_1,-1.808235,1.472826
30.000000,tb3_1,-1.807656,1.473877
30.100000,tb3_1,-1.806806,1.475384
30.200000,tb3_1,-1.806371,1.476149
30.300000,tb3_1,-1.806371,1.476149
4.679000,tb3_2,-1.290744,1.860105
4.700000,tb3_2,-1.290624,1.860105
4.800000,tb3_2,-1.284074,1.860115
4.900000,tb3_2,-1.267644,1.860165
5.034000,tb3_2,-1.259644,1.860197
5.158000,tb3_2,-1.251644,1.860232
5.200000,tb3_2,-1.207645,1.860499
5.300000,tb3_2,-1.187646,1.860651
5.400000,tb3_2,-1.167646,1.860813
5.500000,tb3_2,-1.147647,1.860982
5.600000,tb3_2,-1.127648,1.861157
5.700000,tb3_2,-1.107649,1.861337
5.800000,tb3_2,-1.087650,1.861521
5.900000,tb3_2,-1.067650,1.861707
6.000000,tb3_2,-1.047651,1.861897
6.100000,tb3_2,-1.027652,1.862088
6.200000,tb3_2,-1.007653,1.862281
6.300000,tb3_2,-0.987654,1.862475
6.400000,tb3_2,-0.967655,1.862670
6.500000,tb3_2,-0.947656,1.862866
6.600000,tb3_2,-0.927657,1.863063
6.700000,tb3_2,-0.907658,1.863260
6.800000,tb3_2,-0.887659,1.863458
6.900000,tb3_2,-0.867660,1.863656
7.000000,tb3_2,-0.847661,1.863854
7.100000,tb3_2,-0.827662,1.864053
7.200000,tb3_2,-0.807663,1.864251
7.300000,tb3_2,-0.787664,1.864450
7.400000,tb3_2,-0.767665,1.864649
7.500000,tb3_2,-0.747666,1.864848
7.600000,tb3_2,-0.727667,1.865047
7.700000,tb3_2,-0.707668,1.865246
7.800000,tb3_2,-0.687669,1.865445
7.900000,tb3_2,-0.667670,1.865645
8.000000,tb3_2,-0.647671,1.865844
8.100000,tb3_2,-0.627672,1.866043
8.200000,tb3_2,-0.607673,1.866243
8.300000,tb3_2,-0.587674,1.866442
8.400000,tb3_2,-0.567675,1.866641
8.500000,tb3_2,-0.547676,1.866841
8.600000,tb3_2,-0.527677,1.867040
8.700000,tb3_2,-0.507678,1.867239
8.800000,tb3_2,-0.487679,1.867439
8.900000,tb3_2,-0.467680,1.867638
9.000000,tb3_2,-0.447681,1.867838
9.100000,tb3_2,-0.427682,1.868037
9.200000,tb3_2,-0.407683,1.868236
9.300000,tb3_2,-0.387684,1.868436
9.400000,tb3_2,-0.367685,1.868635
9.500000,tb3_2,-0.347686,1.868835
9.600000,tb3_2,-0.327687,1.869034
9.700000,tb3_2,-0.307688,1.869233
9.800000,tb3_2,-0.290653,1.869862
9.900000,tb3_2,-0.273363,1.871886
10.000000,tb3_2,-0.256262,1.874955
10.100000,tb3_2,-0.238392,1.879021
10.200000,tb3_2,-0.222215,1.883171
10.300000,tb3_2,-0.207723,1.887285
10.400000,tb3_2,-0.191977,1.892083
10.500000,tb3_2,-0.175708,1.897273
10.600000,tb3_2,-0.157724,1.903158
10.700000,tb3_2,-0.140064,1.908946
10.800000,tb3_2,-0.122033,1.914381
10.900000,tb3_2,-0.104596,1.919262
11.000000,tb3_2,-0.086135,1.924301
11.100000,tb3_2,-0.066892,1.929385
11.200000,tb3_2,-0.047496,1.934263
11.300000,tb3_2,-0.028040,1.938894
11.400000,tb3_2,-0.011070,1.942613
11.500000,tb3_2,0.004194,1.945952
11.600000,tb3_2,0.020702,1.949615
11.700000,tb3_2,0.038950,1.953305
11.800000,tb3_2,0.057940,1.956803
11.900000,tb3_2,0.074563,1.959578
12.000000,tb3_2,0.092364,1.962165
12.100000,tb3_2,0.111997,1.964816
12.200000,tb3_2,0.129411,1.966956
12.300000,tb3_2,0.145113,1.968665
12.400000,tb3_2,0.162350,1.970383
12.500000,tb3_2,0.177941,1.971831
12.600000,tb3_2,0.194934,1.973470
12.700000,tb3_2,0.213938,1.974906
12.800000,tb3_2,0.231714,1.975836
12.900000,tb3_2,0.248817,1.976712
13.000000,tb3_2,0.263483,1.977489
13.100000,tb3_2,0.278941,1.978299
13.200000,tb3_2,0.297231,1.979292
13.300000,tb3_2,0.316245,1.980072
13.400000,tb3_2,0.332858,1.980366
13.500000,tb3_2,0.347097,1.980436
13.600000,tb3_2,0.362188,1.980530
13.700000,tb3_2,0.378942,1.980556
13.800000,tb3_2,0.395078,1.980310
13.900000,tb3_2,0.410456,1.979961
14.000000,tb3_2,0.427492,1.979628
14.100000,tb3_2,0.441188,1.979377
14.200000,tb3_2,0.456006,1.979011
14.300000,tb3_2,0.472066,1.978590
14.400000,tb3_2,0.486832,1.978118
14.500000,tb3_2,0.501799,1.977496
14.600000,tb3_2,0.513659,1.976854
14.700000,tb3_2,0.526808,1.976021
14.800000,tb3_2,0.540248,1.975397
14.900000,tb3_2,0.556110,1.974668
15.000000,tb3_2,0.571124,1.973825
15.100000,tb3_2,0.584973,1.973039
15.200000,tb3_2,0.598261,1.972109
15.300000,tb3_2,0.611855,1.971094
15.400000,tb3_2,0.624712,1.970128
15.500000,tb3_2,0.636099,1.969259
15.600000,tb3_2,0.648544,1.967944
15.700000,tb3_2,0.659813,1.966582
15.800000,tb3_2,0.671942,1.965103
15.900000,tb3_2,0.684892,1.963640
16.000000,tb3_2,0.698667,1.962147
16.100000,tb3_2,0.708939,1.961043
16.200000,tb3_2,0.720718,1.959775
16.300000,tb3_2,0.731841,1.958636
16.400000,tb3_2,0.745390,1.957187
16.500000,tb3_2,0.758707,1.955838
16.600000,tb3_2,0.771752,1.954544
16.700000,tb3_2,0.781748,1.953422
16.800000,tb3_2,0.791166,1.952416
16.900000,tb3_2,0.803078,1.951382
17.000000,tb3_2,0.812872,1.950420
17.100000,tb3_2,0.821758,1.949357
17.200000,tb3_2,0.830613,1.948243
17.300000,tb3_2,0.840500,1.946944
17.400000,tb3_2,0.851440,1.945532
17.500000,tb3_2,0.859780,1.944447
17.600000,tb3_2,0.869210,1.943024
17.700000,tb3_2,0.879063,1.941533
17.800000,tb3_2,0.888987,1.939782
17.900000,tb3_2,0.897586,1.938206
18.000000,tb3_2,0.907329,1.936492
18.100000,tb3_2,0.918303,1.934626
18.200000,tb3_2,0.925072,1.933546
18.300000,tb3_2,0.930984,1.932647
18.400000,tb3_2,0.935879,1.931844
18.500000,tb3_2,0.942465,1.930947
18.600000,tb3_2,0.951259,1.929584
18.700000,tb3_2,0.959938,1.928079
18.800000,tb3_2,0.967183,1.926749
18.900000,tb3_2,0.972723,1.925935
19.000000,tb3_2,0.979956,1.925049
19.100000,tb3_2,0.987713,1.924006
19.200000,tb3_2,0.996812,1.922706
19.300000,tb3_2,1.005294,1.921175
19.400000,tb3_2,1.013443,1.919313
19.500000,tb3_2,1.021072,1.917334
19.600000,tb3_2,1.030283,1.914711
19.700000,tb3_2,1.038273,1.912507
19.800000,tb3_2,1.046763,1.909934
19.900000,tb3_2,1.055862,1.907161
20.000000,tb3_2,1.061801,1.905444
20.100000,tb3_2,1.066511,1.904319
20.200000,tb3_2,1.072609,1.902995
20.300000,tb3_2,1.080635,1.901397
20.400000,tb3_2,1.088616,1.899698
20.500000,tb3_2,1.094963,1.898135
20.600000,tb3_2,1.102319,1.896288
20.700000,tb3_2,1.109528,1.894338
20.800000,tb3_2,1.114958,1.892516
20.900000,tb3_2,1.121352,1.890005
21.000000,tb3_2,1.126445,1.887912
21.100000,tb3_2,1.132484,1.885470
21.200000,tb3_2,1.138353,1.883183
21.300000,tb3_2,1.144754,1.880812
21.400000,tb3_2,1.150178,1.878963
21.500000,tb3_2,1.157074,1.876622
21.600000,tb3_2,1.162193,1.874793
21.700000,tb3_2,1.166381,1.873165
21.800000,tb3_2,1.171775,1.871365
21.900000,tb3_2,1.176319,1.869808
22.000000,tb3_2,1.180966,1.868071
22.100000,tb3_2,1.187092,1.865796
22.200000,tb3_2,1.192219,1.863901
22.300000,tb3_2,1.197993,1.861516
22.400000,tb3_2,1.202876,1.859521
22.500000,tb3_2,1.206610,1.858167
22.600000,tb3_2,1.211936,1.856533
22.700000,tb3_2,1.216320,1.855124
22.800000,tb3_2,1.216988,1.854907
22.900000,tb3_2,1.216988,1.854907
23.000000,tb3_2,1.219737,1.853857
23.100000,tb3_2,1.226164,1.851577
23.200000,tb3_2,1.232152,1.849427
23.300000,tb3_2,1.236494,1.847881
23.400000,tb3_2,1.241146,1.846247
23.500000,tb3_2,1.246708,1.844379
23.600000,tb3_2,1.252030,1.842713
23.700000,tb3_2,1.255933,1.841530
23.800000,tb3_2,1.256508,1.841333
23.900000,tb3_2,1.258355,1.840652
24.000000,tb3_2,1.258813,1.840475
24.100000,tb3_2,1.261642,1.839492
24.200000,tb3_2,1.262517,1.839217
24.300000,tb3_2,1.265830,1.838451
24.400000,tb3_2,1.267116,1.838147
24.500000,tb3_2,1.270465,1.837085
24.600000,tb3_2,1.274406,1.835780
24.700000,tb3_2,1.278257,1.834282
24.800000,tb3_2,1.283346,1.832046
24.900000,tb3_2,1.288520,1.829636
25.000000,tb3_2,1.292095,1.827967
25.100000,tb3_2,1.295926,1.826249
25.200000,tb3_2,1.296561,1.825962
25.300000,tb3_2,1.299600,1.824608
25.400000,tb3_2,1.300562,1.824184
25.500000,tb3_2,1.303415,1.822889
25.600000,tb3_2,1.308067,1.820755
25.700000,tb3_2,1.313215,1.818502
25.800000,tb3_2,1.318072,1.816356
25.900000,tb3_2,1.321874,1.814578
26.000000,tb3_2,1.326466,1.812497
26.100000,tb3_2,1.331549,1.810335
26.200000,tb3_2,1.336340,1.808442
26.300000,tb3_2,1.337185,1.808105
26.400000,tb3_2,1.339763,1.806897
26.500000,tb3_2,1.341020,1.806338
26.600000,tb3_2,1.341020,1.806338
26.700000,tb3_2,1.343831,1.805115
26.800000,tb3_2,1.344587,1.804788
26.900000,tb3_2,1.346816,1.803788
27.000000,tb3_2,1.349939,1.802321
27.100000,tb3_2,1.354226,1.800262
27.200000,tb3_2,1.358207,1.798289
27.300000,tb3_2,1.358962,1.797887
27.400000,tb3_2,1.361020,1.796837
27.500000,tb3_2,1.361710,1.796501
27.600000,tb3_2,1.364377,1.795350
27.700000,tb3_2,1.368770,1.793723
27.800000,tb3_2,1.369511,1.793473
27.900000,tb3_2,1.372163,1.792587
28.000000,tb3_2,1.373010,1.792303
28.100000,tb3_2,1.375378,1.791508
28.200000,tb3_2,1.378561,1.790498
28.300000,tb3_2,1.382401,1.789449
28.400000,tb3_2,1.383091,1.789266
28.500000,tb3_2,1.385979,1.788507
28.600000,tb3_2,1.389808,1.787429
28.700000,tb3_2,1.390548,1.787193
28.800000,tb3_2,1.392673,1.786500
28.900000,tb3_2,1.393336,1.786282
29.000000,tb3_2,1.395958,1.785455
29.100000,tb3_2,1.401245,1.783883
29.200000,tb3_2,1.402081,1.783644
29.300000,tb3_2,1.402081,1.783644
29.400000,tb3_2,1.405036,1.782751
29.500000,tb3_2,1.408378,1.781651
29.600000,tb3_2,1.411540,1.780584
29.700000,tb3_2,1.412031,1.780437
29.800000,tb3_2,1.414898,1.779654
29.900000,tb3_2,1.415844,1.779410
30.000000,tb3_2,1.415844,1.779410
30.100000,tb3_2,1.417148,1.779061
30.200000,tb3_2,1.420925,1.777961
30.300000,tb3_2,1.424470,1.776964
4.679000,tb3_3,-0.127143,-2.496931
4.700000,tb3_3,-0.127143,-2.496931
4.800000,tb3_3,-0.127143,-2.496931
4.900000,tb3_3,-0.127143,-2.496931
5.001000,tb3_3,-0.127143,-2.496931
5.157000,tb3_3,-0.127143,-2.496931
5.200000,tb3_3,-0.127143,-2.496931
5.300000,tb3_3,-0.127143,-2.496931
5.400000,tb3_3,-0.127143,-2.496931
5.500000,tb3_3,-0.127143,-2.496931
5.600000,tb3_3,-0.127143,-2.496931
5.700000,tb3_3,-0.127143,-2.496931
5.800000,tb3_3,-0.127143,-2.496931
5.900000,tb3_3,-0.127143,-2.496931
6.000000,tb3_3,-0.127143,-2.496931
6.100000,tb3_3,-0.127143,-2.496931
6.200000,tb3_3,-0.127143,-2.496931
6.300000,tb3_3,-0.127143,-2.496931
6.400000,tb3_3,-0.127143,-2.496931
6.500000,tb3_3,-0.127143,-2.496931
6.600000,tb3_3,-0.127143,-2.496931
6.700000,tb3_3,-0.127255,-2.492374
6.800000,tb3_3,-0.128669,-2.477896
6.900000,tb3_3,-0.131885,-2.458169
7.000000,tb3_3,-0.136183,-2.438639
7.100000,tb3_3,-0.141335,-2.419315
7.200000,tb3_3,-0.147167,-2.400185
7.300000,tb3_3,-0.153539,-2.381228
7.400000,tb3_3,-0.160341,-2.362420
7.500000,tb3_3,-0.167484,-2.343740
7.600000,tb3_3,-0.174900,-2.325166
7.700000,tb3_3,-0.182534,-2.306680
7.800000,tb3_3,-0.190341,-2.288266
7.900000,tb3_3,-0.198286,-2.269913
8.000000,tb3_3,-0.206343,-2.251607
8.100000,tb3_3,-0.214488,-2.233341
8.200000,tb3_3,-0.222705,-2.215107
8.300000,tb3_3,-0.230978,-2.196898
8.400000,tb3_3,-0.239297,-2.178710
8.500000,tb3_3,-0.247652,-2.160539
8.600000,tb3_3,-0.256037,-2.142382
8.700000,tb3_3,-0.264446,-2.124235
8.800000,tb3_3,-0.272873,-2.106097
8.900000,tb3_3,-0.281315,-2.087966
9.000000,tb3_3,-0.289770,-2.069841
9.100000,tb3_3,-0.298234,-2.051721
9.200000,tb3_3,-0.306706,-2.033604
9.300000,tb3_3,-0.315184,-2.015490
9.400000,tb3_3,-0.323668,-1.997378
9.500000,tb3_3,-0.332155,-1.979268
9.600000,tb3_3,-0.340646,-1.961160
9.700000,tb3_3,-0.349139,-1.943053
9.800000,tb3_3,-0.350583,-1.939975
9.900000,tb3_3,-0.350583,-1.939975
10.000000,tb3_3,-0.350583,-1.939975
10.100000,tb3_3,-0.350583,-1.939975
10.200000,tb3_3,-0.350583,-1.939975
10.300000,tb3_3,-0.350583,-1.939975
10.400000,tb3_3,-0.350583,-1.939975
10.500000,tb3_3,-0.350583,-1.939975
10.600000,tb3_3,-0.350583,-1.939975
10.700000,tb3_3,-0.350583,-1.939975
10.800000,tb3_3,-0.350583,-1.939975
10.900000,tb3_3,-0.350583,-1.939975
11.000000,tb3_3,-0.350583,-1.939975
11.100000,tb3_3,-0.353208,-1.939854
11.200000,tb3_3,-0.365453,-1.940061
11.300000,tb3_3,-0.384235,-1.941596
11.400000,tb3_3,-0.402382,-1.944005
11.500000,tb3_3,-0.421419,-1.947275
11.600000,tb3_3,-0.437459,-1.950598
11.700000,tb3_3,-0.454741,-1.954776
11.800000,tb3_3,-0.472094,-1.959143
11.900000,tb3_3,-0.489875,-1.963963
12.000000,tb3_3,-0.507793,-1.968898
12.100000,tb3_3,-0.524417,-1.973482
12.200000,tb3_3,-0.542565,-1.978415
12.300000,tb3_3,-0.558720,-1.982736
12.400000,tb3_3,-0.574839,-1.986912
12.500000,tb3_3,-0.588042,-1.990368
12.600000,tb3_3,-0.602107,-1.994140
12.700000,tb3_3,-0.618912,-1.998507
12.800000,tb3_3,-0.632802,-2.002179
12.900000,tb3_3,-0.644826,-2.005411
13.000000,tb3_3,-0.658741,-2.009200
13.100000,tb3_3,-0.670627,-2.012323
13.200000,tb3_3,-0.683418,-2.015588
13.300000,tb3_3,-0.695133,-2.018411
13.400000,tb3_3,-0.707802,-2.021247
13.500000,tb3_3,-0.721032,-2.024148
13.600000,tb3_3,-0.733896,-2.027144
13.700000,tb3_3,-0.745605,-2.029867
13.800000,tb3_3,-0.756256,-2.032404
13.900000,tb3_3,-0.768066,-2.035170
14.000000,tb3_3,-0.779936,-2.037758
14.100000,tb3_3,-0.792055,-2.040198
14.200000,tb3_3,-0.804911,-2.042572
14.300000,tb3_3,-0.817938,-2.044937
14.400000,tb3_3,-0.829226,-2.046823
14.500000,tb3_3,-0.840313,-2.048429
14.600000,tb3_3,-0.851259,-2.049843
14.700000,tb3_3,-0.861692,-2.050968
14.800000,tb3_3,-0.872096,-2.051915
14.900000,tb3_3,-0.884167,-2.052942
15.000000,tb3_3,-0.898292,-2.054053
15.100000,tb3_3,-0.907934,-2.054648
15.200000,tb3_3,-0.917978,-2.055232
15.300000,tb3_3,-0.925597,-2.055728
15.400000,tb3_3,-0.933657,-2.056337
15.500000,tb3_3,-0.943054,-2.056881
15.600000,tb3_3,-0.950478,-2.057198
15.700000,tb3_3,-0.959374,-2.057510
15.800000,tb3_3,-0.969333,-2.057679
15.900000,tb3_3,-0.981225,-2.057712
16.000000,tb3_3,-0.992826,-2.057756
16.100000,tb3_3,-1.003149,-2.057792
16.200000,tb3_3,-1.014256,-2.057708
16.300000,tb3_3,-1.023996,-2.057504
16.400000,tb3_3,-1.032088,-2.057141
16.500000,tb3_3,-1.038287,-2.056718
16.600000,tb3_3,-1.045295,-2.056212
16.700000,tb3_3,-1.051580,-2.055798
16.800000,tb3_3,-1.059585,-2.055466
16.900000,tb3_3,-1.069235,-2.055077
17.000000,tb3_3,-1.075865,-2.054708
17.100000,tb3_3,-1.081979,-2.054349
17.200000,tb3_3,-1.087191,-2.054125
17.300000,tb3_3,-1.093282,-2.053901
17.400000,tb3_3,-1.101657,-2.053288
17.500000,tb3_3,-1.109604,-2.052682
17.600000,tb3_3,-1.115487,-2.052033
17.700000,tb3_3,-1.120525,-2.051323
17.800000,tb3_3,-1.126284,-2.050601
17.900000,tb3_3,-1.133463,-2.049666
18.000000,tb3_3,-1.141973,-2.048492
18.100000,tb3_3,-1.151040,-2.047175
18.200000,tb3_3,-1.156287,-2.046430
18.300000,tb3_3,-1.162914,-2.045600
18.400000,tb3_3,-1.170746,-2.044739
18.500000,tb3_3,-1.177209,-2.043830
18.600000,tb3_3,-1.185601,-2.042157
18.700000,tb3_3,-1.193172,-2.040493
18.800000,tb3_3,-1.199354,-2.039243
18.900000,tb3_3,-1.205720,-2.038216
19.000000,tb3_3,-1.213442,-2.036819
19.100000,tb3_3,-1.220028,-2.035492
19.200000,tb3_3,-1.226824,-2.034005
19.300000,tb3_3,-1.230429,-2.033118
19.400000,tb3_3,-1.235390,-2.031690
19.500000,tb3_3,-1.242991,-2.029329
19.600000,tb3_3,-1.247484,-2.027934
19.700000,tb3_3,-1.251738,-2.026687
19.800000,tb3_3,-1.258098,-2.024721
19.900000,tb3_3,-1.263091,-2.023066
20.000000,tb3_3,-1.268202,-2.021307
20.100000,tb3_3,-1.272492,-2.020033
20.200000,tb3_3,-1.277649,-2.018643
20.300000,tb3_3,-1.282239,-2.017249
20.400000,tb3_3,-1.285361,-2.016072
20.500000,tb3_3,-1.290514,-2.013759
20.600000,tb3_3,-1.291538,-2.013305
20.700000,tb3_3,-1.294798,-2.012136
20.800000,tb3_3,-1.299461,-2.010499
20.900000,tb3_3,-1.304325,-2.008933
21.000000,tb3_3,-1.310253,-2.006981
21.100000,tb3_3,-1.311179,-2.006670
21.200000,tb3_3,-1.314580,-2.005569
21.300000,tb3_3,-1.321516,-2.003339
21.400000,tb3_3,-1.325062,-2.002148
21.500000,tb3_3,-1.325614,-2.001963
21.600000,tb3_3,-1.328284,-2.000996
21.700000,tb3_3,-1.334128,-1.998647
21.800000,tb3_3,-1.335177,-1.998204
21.900000,tb3_3,-1.335177,-1.998204
22.000000,tb3_3,-1.337885,-1.997334
22.100000,tb3_3,-1.343344,-1.995551
22.200000,tb3_3,-1.344197,-1.995250
22.300000,tb3_3,-1.346997,-1.994031
22.400000,tb3_3,-1.351752,-1.991944
22.500000,tb3_3,-1.356400,-1.989800
22.600000,tb3_3,-1.361674,-1.987456
22.700000,tb3_3,-1.366192,-1.985475
22.800000,tb3_3,-1.370406,-1.983729
22.900000,tb3_3,-1.375033,-1.982074
23.000000,tb3_3,-1.380027,-1.980350
23.100000,tb3_3,-1.380929,-1.980024
23.200000,tb3_3,-1.383256,-1.978893
23.300000,tb3_3,-1.388787,-1.976118
23.400000,tb3_3,-1.393046,-1.973900
23.500000,tb3_3,-1.396609,-1.971788
23.600000,tb3_3,-1.401856,-1.968680
23.700000,tb3_3,-1.407009,-1.965542
23.800000,tb3_3,-1.407793,-1.965055
23.900000,tb3_3,-1.409534,-1.963927
24.000000,tb3_3,-1.412320,-1.962092
24.100000,tb3_3,-1.412850,-1.961756
24.200000,tb3_3,-1.414976,-1.960416
24.300000,tb3_3,-1.417665,-1.958707
24.400000,tb3_3,-1.421305,-1.956435
24.500000,tb3_3,-1.421908,-1.956078
24.600000,tb3_3,-1.424475,-1.954614
24.700000,tb3_3,-1.429510,-1.951762
24.800000,tb3_3,-1.430561,-1.951138
24.900000,tb3_3,-1.430561,-1.951138
25.000000,tb3_3,-1.432466,-1.950029
25.100000,tb3_3,-1.437143,-1.947293
25.200000,tb3_3,-1.441587,-1.944515
25.300000,tb3_3,-1.446620,-1.941263
25.400000,tb3_3,-1.452649,-1.937585
25.500000,tb3_3,-1.457698,-1.934765
25.600000,tb3_3,-1.458567,-1.934294
25.700000,tb3_3,-1.458567,-1.934294
25.800000,tb3_3,-1.460810,-1.933260
25.900000,tb3_3,-1.465660,-1.930914
26.000000,tb3_3,-1.469380,-1.929032
26.100000,tb3_3,-1.472781,-1.927251
26.200000,tb3_3,-1.475706,-1.925917
26.300000,tb3_3,-1.478849,-1.924616
26.400000,tb3_3,-1.479650,-1.924283
26.500000,tb3_3,-1.482074,-1.923265
26.600000,tb3_3,-1.482869,-1.922929
26.700000,tb3_3,-1.485941,-1.921671
26.800000,tb3_3,-1.489951,-1.920087
26.900000,tb3_3,-1.490547,-1.919854
27.000000,tb3_3,-1.490547,-1.919854
27.100000,tb3_3,-1.490547,-1.919854
27.200000,tb3_3,-1.492672,-1.918605
27.300000,tb3_3,-1.495954,-1.916580
27.400000,tb3_3,-1.498906,-1.914672
27.500000,tb3_3,-1.499378,-1.914395
27.600000,tb3_3,-1.499378,-1.914395
27.700000,tb3_3,-1.499378,-1.914395
27.800000,tb3_3,-1.499378,-1.914395
27.900000,tb3_3,-1.500981,-1.913294
28.000000,tb3_3,-1.504801,-1.910617
28.100000,tb3_3,-1.507554,-1.908643
28.200000,tb3_3,-1.507906,-1.908401
28.300000,tb3_3,-1.507906,-1.908401
28.400000,tb3_3,-1.507906,-1.908401
28.500000,tb3_3,-1.509997,-1.907161
28.600000,tb3_3,-1.513543,-1.904943
28.700000,tb3_3,-1.516848,-1.902651
28.800000,tb3_3,-1.517383,-1.902233
28.900000,tb3_3,-1.517383,-1.902233
29.000000,tb3_3,-1.519188,-1.900795
29.100000,tb3_3,-1.519665,-1.900413
29.200000,tb3_3,-1.521531,-1.899002
29.300000,tb3_3,-1.522012,-1.898656
29.400000,tb3_3,-1.524373,-1.896852
29.500000,tb3_3,-1.525060,-1.896302
29.600000,tb3_3,-1.525060,-1.896302
29.700000,tb3_3,-1.527485,-1.894489
29.800000,tb3_3,-1.528117,-1.894044
29.900000,tb3_3,-1.530008,-1.892686
30.000000,tb3_3,-1.533482,-1.890112
30.100000,tb3_3,-1.536919,-1.887603
30.200000,tb3_3,-1.540446,-1.885128
30.300000,tb3_3,-1.541047,-1.884700
4.694000,tb3_4,2.098694,-1.425603
4.700000,tb3_4,2.098694,-1.425603
4.800000,tb3_4,2.098694,-1.425603
4.900000,tb3_4,2.098694,-1.425603
5.066000,tb3_4,2.098694,-1.425603
5.157000,tb3_4,2.098694,-1.425603
5.200000,tb3_4,2.098694,-1.425603
5.300000,tb3_4,2.098694,-1.425603
5.400000,tb3_4,2.098694,-1.425603
5.500000,tb3_4,2.098694,-1.425603
5.600000,tb3_4,2.098694,-1.425603
5.700000,tb3_4,2.098694,-1.425603
5.800000,tb3_4,2.098694,-1.425603
5.900000,tb3_4,2.098694,-1.425603
6.000000,tb3_4,2.098694,-1.425603
6.100000,tb3_4,2.098694,-1.425603
6.200000,tb3_4,2.098694,-1.425603
6.300000,tb3_4,2.098694,-1.425603
6.400000,tb3_4,2.098694,-1.425603
6.500000,tb3_4,2.098694,-1.425603
6.600000,tb3_4,2.098694,-1.425603
6.700000,tb3_4,2.098694,-1.425603
6.800000,tb3_4,2.098694,-1.425603
6.900000,tb3_4,2.098694,-1.425603
7.000000,tb3_4,2.098694,-1.425603
7.100000,tb3_4,2.098694,-1.425603
7.200000,tb3_4,2.096902,-1.421515
7.300000,tb3_4,2.090138,-1.408750
7.400000,tb3_4,2.079641,-1.391747
7.500000,tb3_4,2.068197,-1.375347
7.600000,tb3_4,2.056026,-1.359478
7.700000,tb3_4,2.043290,-1.344059
7.800000,tb3_4,2.030112,-1.329015
7.900000,tb3_4,2.016589,-1.314281
8.000000,tb3_4,2.002794,-1.299800
8.100000,tb3_4,1.988784,-1.285527
8.200000,tb3_4,1.974605,-1.271422
8.300000,tb3_4,1.960291,-1.257453
8.400000,tb3_4,1.945870,-1.243596
8.500000,tb3_4,1.931364,-1.229827
8.600000,tb3_4,1.916790,-1.216131
8.700000,tb3_4,1.902162,-1.202492
8.800000,tb3_4,1.887490,-1.188900
8.900000,tb3_4,1.872784,-1.175346
9.000000,tb3_4,1.858049,-1.161822
9.100000,tb3_4,1.843293,-1.148322
9.200000,tb3_4,1.828519,-1.134841
9.300000,tb3_4,1.813731,-1.121376
9.400000,tb3_4,1.798931,-1.107924
9.500000,tb3_4,1.784122,-1.094481
9.600000,tb3_4,1.769306,-1.081047
9.700000,tb3_4,1.754484,-1.067619
9.800000,tb3_4,1.751963,-1.065337
9.900000,tb3_4,1.751963,-1.065337
10.000000,tb3_4,1.751963,-1.065337
10.100000,tb3_4,1.751963,-1.065337
10.200000,tb3_4,1.751963,-1.065337
10.300000,tb3_4,1.751963,-1.065337
10.400000,tb3_4,1.751963,-1.065337
10.500000,tb3_4,1.751963,-1.065337
10.600000,tb3_4,1.751963,-1.065337
10.700000,tb3_4,1.751963,-1.065337
10.800000,tb3_4,1.751963,-1.065337
10.900000,tb3_4,1.751963,-1.065337
11.000000,tb3_4,1.751963,-1.065337
11.100000,tb3_4,1.751963,-1.065337
11.200000,tb3_4,1.751963,-1.065337
11.300000,tb3_4,1.753335,-1.062224
11.400000,tb3_4,1.754403,-1.060035
11.500000,tb3_4,1.756235,-1.057266
11.600000,tb3_4,1.757130,-1.055999
11.700000,tb3_4,1.759346,-1.053434
11.800000,tb3_4,1.760262,-1.052385
11.900000,tb3_4,1.760262,-1.052385
12.000000,tb3_4,1.762734,-1.050415
12.100000,tb3_4,1.769400,-1.045362
12.200000,tb3_4,1.774191,-1.041947
12.300000,tb3_4,1.774973,-1.041407
12.400000,tb3_4,1.774973,-1.041407
12.500000,tb3_4,1.774973,-1.041407
12.600000,tb3_4,1.777940,-1.040248
12.700000,tb3_4,1.783994,-1.037721
12.800000,tb3_4,1.788851,-1.035651
12.900000,tb3_4,1.794197,-1.033706
13.000000,tb3_4,1.799845,-1.031894
13.100000,tb3_4,1.805251,-1.030588
13.200000,tb3_4,1.808937,-1.029784
13.300000,tb3_4,1.812458,-1.029040
13.400000,tb3_4,1.817006,-1.028360
13.500000,tb3_4,1.822369,-1.027861
13.600000,tb3_4,1.826974,-1.027559
13.700000,tb3_4,1.831877,-1.027117
13.800000,tb3_4,1.832837,-1.027021
13.900000,tb3_4,1.832837,-1.027021
14.000000,tb3_4,1.835167,-1.026976
14.100000,tb3_4,1.838906,-1.027001
14.200000,tb3_4,1.843250,-1.027236
14.300000,tb3_4,1.844111,-1.027276
14.400000,tb3_4,1.846331,-1.027457
14.500000,tb3_4,1.847138,-1.027547
14.600000,tb3_4,1.847138,-1.027547
14.700000,tb3_4,1.847138,-1.027547
14.800000,tb3_4,1.847138,-1.027547
14.900000,tb3_4,1.847138,-1.027547
15.000000,tb3_4,1.847138,-1.027547
15.100000,tb3_4,1.847138,-1.027547
15.200000,tb3_4,1.849286,-1.028664
15.300000,tb3_4,1.852043,-1.030312
15.400000,tb3_4,1.855618,-1.032636
15.500000,tb3_4,1.856367,-1.033126
15.600000,tb3_4,1.856367,-1.033126
15.700000,tb3_4,1.858262,-1.034964
15.800000,tb3_4,1.858762,-1.035474
15.900000,tb3_4,1.860251,-1.036948
16.000000,tb3_4,1.862424,-1.039070
16.100000,tb3_4,1.865879,-1.042729
16.200000,tb3_4,1.866667,-1.043594
16.300000,tb3_4,1.868286,-1.045828
16.400000,tb3_4,1.871011,-1.049982
16.500000,tb3_4,1.873614,-1.054418
16.600000,tb3_4,1.875351,-1.057744
16.700000,tb3_4,1.876877,-1.061076
16.800000,tb3_4,1.878502,-1.064901
16.900000,tb3_4,1.879818,-1.068236
17.000000,tb3_4,1.881640,-1.073392
17.100000,tb3_4,1.883090,-1.078617
17.200000,tb3_4,1.884020,-1.083412
17.300000,tb3_4,1.884903,-1.089423
17.400000,tb3_4,1.885659,-1.095425
17.500000,tb3_4,1.886237,-1.100254
17.600000,tb3_4,1.886927,-1.104958
17.700000,tb3_4,1.887816,-1.110254
17.800000,tb3_4,1.888008,-1.111391
17.900000,tb3_4,1.888452,-1.114225
18.000000,tb3_4,1.889439,-1.120941
18.100000,tb3_4,1.890183,-1.126318
18.200000,tb3_4,1.890738,-1.131431
18.300000,tb3_4,1.891152,-1.135919
18.400000,tb3_4,1.891486,-1.141276
18.500000,tb3_4,1.891527,-1.142318
18.600000,tb3_4,1.891844,-1.145750
18.700000,tb3_4,1.892135,-1.149917
18.800000,tb3_4,1.892362,-1.153896
18.900000,tb3_4,1.892543,-1.157278
19.000000,tb3_4,1.892571,-1.157790
19.100000,tb3_4,1.892738,-1.160263
19.200000,tb3_4,1.893044,-1.165678
19.300000,tb3_4,1.893115,-1.170540
19.400000,tb3_4,1.893178,-1.174457
19.500000,tb3_4,1.893466,-1.180326
19.600000,tb3_4,1.893818,-1.185324
19.700000,tb3_4,1.894062,-1.189768
19.800000,tb3_4,1.894151,-1.194735
19.900000,tb3_4,1.894402,-1.199737
20.000000,tb3_4,1.894540,-1.204163
20.100000,tb3_4,1.894452,-1.208653
20.200000,tb3_4,1.894005,-1.213505
20.300000,tb3_4,1.893321,-1.219214
20.400000,tb3_4,1.893245,-1.220104
20.500000,tb3_4,1.893091,-1.222563
20.600000,tb3_4,1.892923,-1.227549
20.700000,tb3_4,1.892870,-1.232953
20.800000,tb3_4,1.892762,-1.237121
20.900000,tb3_4,1.892498,-1.240836
21.000000,tb3_4,1.891982,-1.245670
21.100000,tb3_4,1.891864,-1.246547
21.200000,tb3_4,1.891420,-1.249237
21.300000,tb3_4,1.891264,-1.250071
21.400000,tb3_4,1.891039,-1.253176
21.500000,tb3_4,1.890861,-1.257005
21.600000,tb3_4,1.890339,-1.262246
21.700000,tb3_4,1.889710,-1.266411
21.800000,tb3_4,1.889196,-1.269938
21.900000,tb3_4,1.888507,-1.274010
22.000000,tb3_4,1.888366,-1.274724
22.100000,tb3_4,1.888366,-1.274724
22.200000,tb3_4,1.887682,-1.277943
22.300000,tb3_4,1.886559,-1.282750
22.400000,tb3_4,1.885539,-1.286276
22.500000,tb3_4,1.884226,-1.290327
22.600000,tb3_4,1.882411,-1.296165
22.700000,tb3_4,1.881999,-1.297400
22.800000,tb3_4,1.881999,-1.297400
22.900000,tb3_4,1.881143,-1.300026
23.000000,tb3_4,1.879901,-1.304001
23.100000,tb3_4,1.878486,-1.308744
23.200000,tb3_4,1.877187,-1.313366
23.300000,tb3_4,1.876958,-1.314179
23.400000,tb3_4,1.876349,-1.316365
23.500000,tb3_4,1.875301,-1.319887
23.600000,tb3_4,1.873831,-1.323986
23.700000,tb3_4,1.873582,-1.324628
23.800000,tb3_4,1.873582,-1.324628
23.900000,tb3_4,1.873582,-1.324628
24.000000,tb3_4,1.873582,-1.324628
24.100000,tb3_4,1.872751,-1.326750
24.200000,tb3_4,1.871037,-1.331080
24.300000,tb3_4,1.869461,-1.335238
24.400000,tb3_4,1.867993,-1.339815
24.500000,tb3_4,1.866914,-1.343431
24.600000,tb3_4,1.866758,-1.343941
24.700000,tb3_4,1.866023,-1.346268
24.800000,tb3_4,1.864781,-1.349983
24.900000,tb3_4,1.862565,-1.355581
25.000000,tb3_4,1.860617,-1.359837
25.100000,tb3_4,1.860376,-1.360367
25.200000,tb3_4,1.859221,-1.362849
25.300000,tb3_4,1.858856,-1.363619
25.400000,tb3_4,1.858856,-1.363619
25.500000,tb3_4,1.857803,-1.365989
25.600000,tb3_4,1.855621,-1.371106
25.700000,tb3_4,1.855203,-1.372041
25.800000,tb3_4,1.854265,-1.373947
25.900000,tb3_4,1.853985,-1.374476
26.000000,tb3_4,1.852853,-1.376484
26.100000,tb3_4,1.852545,-1.377010
26.200000,tb3_4,1.852545,-1.377010
26.300000,tb3_4,1.852545,-1.377010
26.400000,tb3_4,1.852545,-1.377010
26.500000,tb3_4,1.851426,-1.378835
26.600000,tb3_4,1.851045,-1.379434
26.700000,tb3_4,1.849721,-1.381700
26.800000,tb3_4,1.847779,-1.385596
26.900000,tb3_4,1.847452,-1.386331
27.000000,tb3_4,1.846199,-1.388720
27.100000,tb3_4,1.845808,-1.389482
27.200000,tb3_4,1.845808,-1.389482
27.300000,tb3_4,1.845808,-1.389482
27.400000,tb3_4,1.844504,-1.392216
27.500000,tb3_4,1.844094,-1.393121
27.600000,tb3_4,1.844094,-1.393121
27.700000,tb3_4,1.843454,-1.395184
27.800000,tb3_4,1.843277,-1.395836
27.900000,tb3_4,1.843277,-1.395836
28.000000,tb3_4,1.842399,-1.398385
28.100000,tb3_4,1.842084,-1.399313
28.200000,tb3_4,1.841175,-1.401773
28.300000,tb3_4,1.839559,-1.405929
28.400000,tb3_4,1.839289,-1.406654
28.500000,tb3_4,1.839289,-1.406654
28.600000,tb3_4,1.839289,-1.406654
28.700000,tb3_4,1.838704,-1.409082
28.800000,tb3_4,1.838506,-1.410007
28.900000,tb3_4,1.837999,-1.412312
29.000000,tb3_4,1.837856,-1.412935
29.100000,tb3_4,1.837173,-1.415167
29.200000,tb3_4,1.836996,-1.415772
29.300000,tb3_4,1.836326,-1.418156
29.400000,tb3_4,1.836107,-1.418958
29.500000,tb3_4,1.835572,-1.421071
29.600000,tb3_4,1.835357,-1.421977
29.700000,tb3_4,1.834812,-1.424083
29.800000,tb3_4,1.833789,-1.427455
29.900000,tb3_4,1.833557,-1.428154
30.000000,tb3_4,1.832442,-1.430969
30.100000,tb3_4,1.830814,-1.434504
30.200000,tb3_4,1.830568,-1.435043
30.300000,tb3_4,1.829476,-1.437378
